hash-threshold 8

statement ok
CREATE TABLE tab0(col0 INTEGER, col1 INTEGER, col2 INTEGER)

statement ok
CREATE TABLE tab1(col0 INTEGER, col1 INTEGER, col2 INTEGER)

statement ok
CREATE TABLE tab2(col0 INTEGER, col1 INTEGER, col2 INTEGER)

statement ok
INSERT INTO tab0 VALUES(83,0,38)

statement ok
INSERT INTO tab0 VALUES(26,0,79)

statement ok
INSERT INTO tab0 VALUES(43,81,24)

statement ok
INSERT INTO tab1 VALUES(22,6,8)

statement ok
INSERT INTO tab1 VALUES(28,57,45)

statement ok
INSERT INTO tab1 VALUES(82,44,71)

statement ok
INSERT INTO tab2 VALUES(15,61,87)

statement ok
INSERT INTO tab2 VALUES(91,59,79)

statement ok
INSERT INTO tab2 VALUES(92,41,58)

query I rowsort
SELECT ALL + col2 * - cor0.col1 FROM tab0 AS cor0 GROUP BY cor0.col1, cor0.col2
----
-1944
0
0

query I rowsort
SELECT ALL 94 FROM tab0 AS cor0 GROUP BY cor0.col1
----
94
94

query I rowsort
SELECT + cor0.col2 FROM tab0 cor0 CROSS JOIN tab2 GROUP BY cor0.col2
----
24
38
79

query I rowsort
SELECT ALL cor0.col1 * col0 FROM tab0 AS cor0 GROUP BY cor0.col0, cor0.col1
----
0
0
3483

onlyif mysql # CAST syntax: SIGNED type: 
query I rowsort label-4
SELECT ALL + + CAST( NULL AS SIGNED ) * cor0.col0 FROM tab2, tab1 AS cor0, tab1 AS cor1 GROUP BY cor0.col0
----
NULL
NULL
NULL

skipif mysql # not compatible
query I rowsort label-4
SELECT ALL + + CAST ( NULL AS INTEGER ) * cor0.col0 FROM tab2, tab1 AS cor0, tab1 AS cor1 GROUP BY cor0.col0
----
NULL
NULL
NULL

query I rowsort
SELECT - + 26 AS col0 FROM tab1, tab0 AS cor0 GROUP BY cor0.col0
----
-26
-26
-26

query I rowsort
SELECT + 7 FROM tab2 cor0 GROUP BY col0, cor0.col1
----
7
7
7

query I rowsort
SELECT ALL + 88 AS col1 FROM tab1 cor0 GROUP BY cor0.col2
----
88
88
88

query I rowsort
SELECT + 93 AS col1 FROM tab0 AS cor0 GROUP BY cor0.col2, cor0.col0
----
93
93
93

query I rowsort
SELECT - cor0.col1 AS col2 FROM tab2, tab0 AS cor0 GROUP BY cor0.col1
----
-81
0

query I rowsort
SELECT ( - cor0.col2 ) AS col0 FROM tab0, tab2 AS cor0, tab1 AS cor1 GROUP BY cor0.col2
----
-58
-79
-87

query I rowsort
SELECT ALL 39 FROM tab0 AS cor0 GROUP BY cor0.col0
----
39
39
39

query I rowsort
SELECT DISTINCT col0 / col0 FROM tab1 AS cor0 GROUP BY col0 HAVING NOT ( - cor0.col0 ) = NULL
----

query I rowsort
SELECT tab0.col0 AS col2 FROM tab0 GROUP BY tab0.col0
----
26
43
83

query I rowsort
SELECT DISTINCT cor0.col2 + - cor0.col2 + + cor0.col1 AS col0 FROM tab2 AS cor0 GROUP BY cor0.col2, cor0.col1, cor0.col2
----
41
59
61

query I rowsort
SELECT ALL col2 + ( + 56 ) FROM tab1 GROUP BY tab1.col2
----
101
127
64

query I rowsort
SELECT DISTINCT - tab0.col2 + 62 AS col2 FROM tab0 GROUP BY col2
----
-17
24
38

query I rowsort
SELECT ALL 46 AS col2 FROM tab2 AS cor0 GROUP BY cor0.col0
----
46
46
46

query I rowsort
SELECT cor0.col0 * - 44 AS col2 FROM tab2 AS cor0 GROUP BY cor0.col0
----
-4004
-4048
-660

query I rowsort
SELECT ALL col0 + cor0.col0 AS col2 FROM tab2 AS cor0 GROUP BY cor0.col0
----
182
184
30

query I rowsort
SELECT + - cor0.col2 + - cor0.col2 FROM tab2, tab0 AS cor0 GROUP BY cor0.col2
----
-158
-48
-76

query I rowsort
SELECT 77 FROM tab1 AS cor0 GROUP BY cor0.col0, cor0.col0, cor0.col1
----
77
77
77

query I rowsort
SELECT DISTINCT - 18 FROM tab2 cor0 GROUP BY cor0.col2
----
-18

query I rowsort
SELECT ALL + ( + 69 ) FROM tab0 AS cor0 GROUP BY col1
----
69
69

query I rowsort
SELECT ALL 93 FROM tab2 AS cor0 GROUP BY cor0.col1
----
93
93
93

query I rowsort
SELECT + col0 AS col2 FROM tab0 AS cor0 GROUP BY cor0.col0
----
26
43
83

query I rowsort
SELECT DISTINCT cor0.col1 + 52 AS col0 FROM tab0 cor0 GROUP BY cor0.col1
----
133
52

query I rowsort
SELECT DISTINCT 86 * - 30 FROM tab0 AS cor0 GROUP BY cor0.col2
----
-2580

query I rowsort
SELECT DISTINCT 39 FROM tab2 AS cor0 GROUP BY cor0.col2
----
39

skipif postgresql # PostgreSQL requires AS when renaming output columns
query I rowsort
SELECT DISTINCT - 70 col0 FROM tab2 cor0 GROUP BY cor0.col2
----
-70

query I rowsort
SELECT ALL - cor0.col0 FROM tab0 AS cor0 GROUP BY cor0.col0, col1
----
-26
-43
-83

skipif postgresql # PostgreSQL requires AS when renaming output columns
query I rowsort
SELECT DISTINCT - 84 col2 FROM tab0, tab1 AS cor0 GROUP BY cor0.col0
----
-84

onlyif mysql # CAST syntax: SIGNED type: 
query I rowsort label-32
SELECT ALL - cor0.col2 * CAST( NULL AS SIGNED ) + + 78 col1 FROM tab1 AS cor0 GROUP BY cor0.col2, cor0.col0
----
NULL
NULL
NULL

skipif mysql # not compatible
skipif postgresql # PostgreSQL requires AS when renaming output columns
query I rowsort label-32
SELECT ALL - cor0.col2 * CAST ( NULL AS INTEGER ) + + 78 col1 FROM tab1 AS cor0 GROUP BY cor0.col2, cor0.col0
----
NULL
NULL
NULL

query I rowsort
SELECT ALL 95 + 53 AS col1 FROM tab0, tab0 AS cor0 GROUP BY tab0.col1
----
148
148

query I rowsort
SELECT DISTINCT col1 + - 15 AS col2 FROM tab0 AS cor0 GROUP BY cor0.col1
----
-15
66

query I rowsort
SELECT - 69 * cor0.col2 FROM tab0 cor0 GROUP BY cor0.col2
----
-1656
-2622
-5451

onlyif mysql # CAST syntax: DECIMAL type: 
query I rowsort label-36
SELECT - ( + cor0.col1 * CAST( NULL AS DECIMAL ) ) + + 69 * col1 AS col2 FROM tab0 AS cor0 GROUP BY cor0.col1, cor0.col2
----
NULL
NULL
NULL

skipif mysql # not compatible
query I rowsort label-36
SELECT - ( + cor0.col1 * CAST ( NULL AS REAL ) ) + + 69 * col1 AS col2 FROM tab0 AS cor0 GROUP BY cor0.col1, cor0.col2
----
NULL
NULL
NULL

query I rowsort
SELECT ALL col0 AS col2 FROM tab1 AS cor0 GROUP BY col0
----
22
28
82

query I rowsort
SELECT ALL cor0.col0 + + cor0.col2 FROM tab1 AS cor0 GROUP BY cor0.col0, cor0.col2
----
153
30
73

query I rowsort
SELECT - 3 FROM tab2, tab2 AS cor0 GROUP BY cor0.col0
----
-3
-3
-3

query I rowsort
SELECT ALL + cor1.col0 FROM tab2, tab2 AS cor0, tab2 AS cor1 GROUP BY cor1.col0
----
15
91
92

query I rowsort
SELECT DISTINCT - tab1.col1 AS col2 FROM tab1 GROUP BY tab1.col1
----
-44
-57
-6

skipif postgresql # PostgreSQL requires AS when renaming output columns
query I rowsort
SELECT ALL cor0.col2 col2 FROM tab1 AS cor0 GROUP BY cor0.col2
----
45
71
8

query I rowsort
SELECT - cor0.col1 FROM tab1 AS cor0 GROUP BY cor0.col1, cor0.col0
----
-44
-57
-6

query I rowsort
SELECT + 85 * + tab0.col1 FROM tab0, tab0 AS cor0 GROUP BY tab0.col1
----
0
6885

query I rowsort
SELECT ALL col2 AS col0 FROM tab2 cor0 GROUP BY cor0.col2, cor0.col2
----
58
79
87

query I rowsort
SELECT DISTINCT 96 FROM tab1 AS cor0 CROSS JOIN tab2 AS cor1 GROUP BY cor1.col1
----
96

skipif postgresql # PostgreSQL requires AS when renaming output columns
query I rowsort
SELECT ALL - 43 * + cor0.col2 col1 FROM tab1 AS cor0 GROUP BY cor0.col2, cor0.col0
----
-1935
-3053
-344

onlyif mysql # CAST syntax: SIGNED type: 
query I rowsort label-48
SELECT ALL - + CAST( NULL AS SIGNED ) AS col1 FROM tab0, tab0 AS cor0, tab0 AS cor1 GROUP BY cor0.col1
----
NULL
NULL

skipif mysql # not compatible
query I rowsort label-48
SELECT ALL - + CAST ( NULL AS INTEGER ) AS col1 FROM tab0, tab0 AS cor0, tab0 AS cor1 GROUP BY cor0.col1
----
NULL
NULL

query I rowsort
SELECT - 53 + cor0.col0 AS col1 FROM tab1 AS cor0 GROUP BY cor0.col0
----
-25
-31
29

query I rowsort
SELECT DISTINCT - cor0.col0 * - col0 FROM tab0 cor0 GROUP BY cor0.col0
----
1849
676
6889

query I rowsort
SELECT DISTINCT 27 * col1 FROM tab0 AS cor0 GROUP BY cor0.col1
----
0
2187

query III rowsort
SELECT DISTINCT * FROM tab1 AS cor0 GROUP BY cor0.col0, col2, cor0.col1
----
9 values hashing to bbcd4a6dd8965cff3d718a5b7154e488

query I rowsort
SELECT + 26 * + cor0.col0 AS col2 FROM tab0 cor0 GROUP BY cor0.col0
----
1118
2158
676

skipif postgresql # PostgreSQL requires AS when renaming output columns
query I rowsort
SELECT + cor0.col0 col0 FROM tab1 AS cor0 GROUP BY cor0.col0
----
22
28
82

query I rowsort
SELECT ALL cor0.col0 * 88 * + cor0.col0 FROM tab1 AS cor0 GROUP BY cor0.col0
----
42592
591712
68992

query I rowsort
SELECT 46 * + 13 FROM tab0 AS cor0 GROUP BY cor0.col0
----
598
598
598

query I rowsort
SELECT ALL + cor0.col1 * 49 FROM tab2 AS cor0 GROUP BY cor0.col1
----
2009
2891
2989

onlyif mysql # DIV for integer division: 
query I rowsort label-58
SELECT - 49 DIV cor0.col0 AS col2 FROM tab0 AS cor0 GROUP BY cor0.col0
----
-1
-1
0

skipif mysql # not compatible
query I rowsort label-58
SELECT - 49 / cor0.col0 AS col2 FROM tab0 AS cor0 GROUP BY cor0.col0
----
-1
-1
0

query I rowsort
SELECT ALL 81 AS col1 FROM tab1 AS cor0 GROUP BY cor0.col0
----
81
81
81

query I rowsort
SELECT - col0 AS col1 FROM tab1 AS cor0 GROUP BY cor0.col0
----
-22
-28
-82

query I rowsort
SELECT + - cor0.col1 * 36 FROM tab2, tab1 AS cor0 GROUP BY cor0.col1
----
-1584
-2052
-216

onlyif mysql # CAST syntax: SIGNED type: 
query I rowsort label-62
SELECT - CAST( NULL AS SIGNED ) * - 66 FROM tab0 AS cor0 GROUP BY cor0.col2
----
NULL
NULL
NULL

skipif mysql # not compatible
query I rowsort label-62
SELECT - CAST ( NULL AS INTEGER ) * - 66 FROM tab0 AS cor0 GROUP BY cor0.col2
----
NULL
NULL
NULL

query I rowsort
SELECT ALL cor0.col2 * - 36 * - 21 FROM tab2 AS cor0 GROUP BY cor0.col2
----
43848
59724
65772

onlyif mysql # DIV for integer division: 
query I rowsort label-64
SELECT DISTINCT cor0.col2 + cor0.col1 DIV cor0.col2 FROM tab2 AS cor0 GROUP BY cor0.col2, cor0.col1
----
58
79
87

skipif mysql # not compatible
query I rowsort label-64
SELECT DISTINCT cor0.col2 + cor0.col1 / cor0.col2 FROM tab2 AS cor0 GROUP BY cor0.col2, cor0.col1
----
58
79
87

query I rowsort
SELECT - cor0.col2 * ( 69 ) AS col2 FROM tab2 AS cor0 GROUP BY col2
----
-4002
-5451
-6003

query I rowsort
SELECT DISTINCT + 49 FROM tab1 AS cor0 GROUP BY cor0.col1, cor0.col1
----
49

query I rowsort
SELECT 92 FROM tab0 AS cor0 GROUP BY cor0.col2, cor0.col1
----
92
92
92

query I rowsort
SELECT + - 4 AS col2 FROM tab1, tab2 AS cor0 GROUP BY tab1.col2
----
-4
-4
-4

query I rowsort
SELECT ALL - cor0.col2 * + 91 AS col0 FROM tab2 AS cor0 GROUP BY cor0.col2
----
-5278
-7189
-7917

skipif postgresql # PostgreSQL requires AS when renaming output columns
query I rowsort
SELECT DISTINCT - cor0.col1 col2 FROM tab0 AS cor0 GROUP BY cor0.col1
----
-81
0

query I rowsort
SELECT - cor1.col2 AS col0 FROM tab2, tab0 AS cor0, tab1 AS cor1 GROUP BY cor1.col2
----
-45
-71
-8

query I rowsort
SELECT DISTINCT cor0.col1 FROM tab2 AS cor0 GROUP BY cor0.col1, cor0.col0
----
41
59
61

query I rowsort
SELECT ALL - 0 FROM tab1 GROUP BY tab1.col2
----
0
0
0

query I rowsort
SELECT ALL + tab0.col2 AS col1 FROM tab0 GROUP BY tab0.col2
----
24
38
79

onlyif mysql # DIV for integer division: 
query I rowsort label-75
SELECT ALL cor0.col1 DIV - cor0.col1 + cor0.col1 FROM tab1 cor0 GROUP BY col1, cor0.col2
----
43
5
56

skipif mysql # not compatible
query I rowsort label-75
SELECT ALL cor0.col1 / - cor0.col1 + cor0.col1 FROM tab1 cor0 GROUP BY col1, cor0.col2
----
43
5
56

query I rowsort
SELECT DISTINCT - 0 FROM tab2, tab0 AS cor0 GROUP BY cor0.col1
----
0

query I rowsort
SELECT DISTINCT + cor0.col0 * 36 + 42 AS col2 FROM tab1 cor0 GROUP BY cor0.col0, cor0.col2
----
1050
2994
834

query I rowsort
SELECT DISTINCT cor0.col0 FROM tab1 AS cor0 GROUP BY col0, cor0.col0
----
22
28
82

query I rowsort
SELECT 52 FROM tab0 cor0 GROUP BY cor0.col0
----
52
52
52

query I rowsort
SELECT DISTINCT tab0.col1 AS col1 FROM tab0 GROUP BY tab0.col1
----
0
81

query I rowsort
SELECT + ( - cor0.col2 + cor0.col2 ) AS col2 FROM tab2 AS cor0 GROUP BY cor0.col0, cor0.col2
----
0
0
0

query I rowsort
SELECT 82 FROM tab2 cor0 GROUP BY cor0.col1
----
82
82
82

query I rowsort
SELECT DISTINCT - cor0.col0 + - cor0.col1 AS col0 FROM tab2 AS cor0 GROUP BY cor0.col0, cor0.col1, cor0.col1
----
-133
-150
-76

query I rowsort
SELECT + cor0.col0 AS col1 FROM tab1 AS cor0 GROUP BY cor0.col0, cor0.col0
----
22
28
82

query I rowsort
SELECT cor0.col2 AS col2 FROM tab1 cor0 GROUP BY col1, cor0.col2
----
45
71
8

query I rowsort
SELECT + 33 AS col0 FROM tab0 AS cor0 GROUP BY cor0.col2
----
33
33
33

onlyif mysql # CAST syntax: SIGNED type: 
query I rowsort label-87
SELECT + CAST( NULL AS SIGNED ) FROM tab1 AS cor0 GROUP BY cor0.col2
----
NULL
NULL
NULL

skipif mysql # not compatible
query I rowsort label-87
SELECT + CAST ( NULL AS INTEGER ) FROM tab1 AS cor0 GROUP BY cor0.col2
----
NULL
NULL
NULL

query I rowsort
SELECT DISTINCT + 74 * - 47 FROM tab0, tab2 AS cor0, tab1 AS cor1 GROUP BY tab0.col0
----
-3478

query I rowsort
SELECT DISTINCT 75 AS col0 FROM tab1 AS cor0 GROUP BY cor0.col2, cor0.col1
----
75

skipif postgresql # PostgreSQL requires AS when renaming output columns
query I rowsort
SELECT 86 - - 47 col1 FROM tab1 AS cor0 GROUP BY cor0.col2
----
133
133
133

query I rowsort
SELECT ALL ( + 0 ) + + cor0.col1 + - cor0.col2 * cor0.col2 FROM tab2 AS cor0 GROUP BY col2, cor0.col1
----
-3323
-6182
-7508

query I rowsort
SELECT - 77 + 6 AS col1 FROM tab0 cor0 GROUP BY cor0.col2
----
-71
-71
-71

query I rowsort
SELECT - tab1.col2 * + tab1.col2 AS col2 FROM tab1 GROUP BY col2
----
-2025
-5041
-64

query I rowsort
SELECT DISTINCT 42 FROM tab1 AS cor0 GROUP BY cor0.col1, cor0.col2
----
42

query I rowsort
SELECT DISTINCT + cor0.col0 + col1 FROM tab2 AS cor0 GROUP BY cor0.col0, cor0.col2, cor0.col1
----
133
150
76

query I rowsort
SELECT DISTINCT + cor0.col0 - cor0.col0 FROM tab1 AS cor0 GROUP BY cor0.col0
----
0

query I rowsort
SELECT ALL cor0.col0 * 21 AS col1 FROM tab2 AS cor0 GROUP BY cor0.col0
----
1911
1932
315

query I rowsort
SELECT + col2 * cor0.col0 FROM tab1 AS cor0 GROUP BY cor0.col2, col0
----
1260
176
5822

query I rowsort
SELECT DISTINCT + + cor0.col0 AS col1 FROM tab1, tab0 AS cor0 GROUP BY cor0.col0
----
26
43
83

query I rowsort
SELECT + cor0.col1 FROM tab2 AS cor0 GROUP BY cor0.col0, cor0.col1
----
41
59
61

query I rowsort
SELECT - cor0.col2 AS col2 FROM tab0 AS cor0 GROUP BY col2
----
-24
-38
-79

query I rowsort
SELECT 19 * - cor0.col0 FROM tab2, tab1 cor0 GROUP BY cor0.col0
----
-1558
-418
-532

query I rowsort
SELECT 49 AS col1 FROM tab1, tab1 cor0 GROUP BY cor0.col0
----
49
49
49

query I rowsort
SELECT ALL 85 FROM tab0 GROUP BY tab0.col1
----
85
85

skipif postgresql # PostgreSQL requires AS when renaming output columns
query I rowsort
SELECT + cor0.col0 col1 FROM tab1 AS cor0 GROUP BY cor0.col0
----
22
28
82

skipif postgresql # PostgreSQL requires AS when renaming output columns
query I rowsort
SELECT ALL - cor0.col0 col0 FROM tab1 AS cor0 GROUP BY cor0.col0
----
-22
-28
-82

query I rowsort
SELECT ALL 65 FROM tab0 AS cor0 GROUP BY cor0.col0
----
65
65
65

query I rowsort
SELECT - 62 AS col2 FROM tab1, tab0 AS cor0, tab1 AS cor1 GROUP BY cor1.col0
----
-62
-62
-62

query I rowsort
SELECT cor0.col2 AS col2 FROM tab0 AS cor0 GROUP BY cor0.col2, cor0.col1
----
24
38
79

query I rowsort
SELECT 29 AS col1 FROM tab1 GROUP BY tab1.col1
----
29
29
29

query I rowsort
SELECT ALL - tab1.col1 + tab1.col1 AS col0 FROM tab1 GROUP BY tab1.col1
----
0
0
0

query I rowsort
SELECT DISTINCT col1 * - col1 AS col0 FROM tab1 AS cor0 GROUP BY cor0.col1
----
-1936
-3249
-36

query I rowsort
SELECT DISTINCT + 12 FROM tab0 cor0 GROUP BY cor0.col0
----
12

query I rowsort
SELECT DISTINCT + - cor0.col1 FROM tab2, tab0 AS cor0 GROUP BY cor0.col1
----
-81
0

query I rowsort
SELECT DISTINCT 54 AS col1 FROM tab1 AS cor0 GROUP BY cor0.col0
----
54

onlyif mysql # CAST syntax: SIGNED type: 
query I rowsort label-116
SELECT DISTINCT CAST( NULL AS SIGNED ) FROM tab1 AS cor0 GROUP BY cor0.col0
----
NULL

skipif mysql # not compatible
query I rowsort label-116
SELECT DISTINCT CAST ( NULL AS INTEGER ) FROM tab1 AS cor0 GROUP BY cor0.col0
----
NULL

onlyif mysql # CAST syntax: SIGNED type: 
query I rowsort label-117
SELECT DISTINCT CAST( NULL AS SIGNED ) col0 FROM tab2 AS cor0 GROUP BY cor0.col2
----
NULL

skipif mysql # not compatible
skipif postgresql # PostgreSQL requires AS when renaming output columns
query I rowsort label-117
SELECT DISTINCT CAST ( NULL AS INTEGER ) col0 FROM tab2 AS cor0 GROUP BY cor0.col2
----
NULL

query I rowsort
SELECT + 27 + cor0.col2 FROM tab1 cor0 GROUP BY cor0.col2
----
35
72
98

query I rowsort
SELECT cor0.col2 + + 96 * - 27 AS col1 FROM tab0 cor0 GROUP BY cor0.col2, cor0.col0
----
-2513
-2554
-2568

query I rowsort
SELECT + cor0.col1 * cor0.col2 FROM tab1 AS cor0 GROUP BY cor0.col2, cor0.col1
----
2565
3124
48

query I rowsort
SELECT ALL + cor0.col2 AS col0 FROM tab0 AS cor0 GROUP BY col2, cor0.col2
----
24
38
79

query I rowsort
SELECT col2 + - ( - cor0.col2 ) AS col1 FROM tab0 AS cor0 GROUP BY cor0.col2
----
158
48
76

query I rowsort
SELECT DISTINCT + col0 FROM tab2 AS cor0 GROUP BY cor0.col2, cor0.col0
----
15
91
92

query I rowsort
SELECT DISTINCT 64 FROM tab1, tab1 AS cor0 GROUP BY cor0.col0
----
64

onlyif mysql # DIV for integer division: 
query I rowsort label-125
SELECT ALL cor0.col2 DIV + cor0.col2 AS col2 FROM tab1 AS cor0 GROUP BY cor0.col2
----
1
1
1

skipif mysql # not compatible
query I rowsort label-125
SELECT ALL cor0.col2 / + cor0.col2 AS col2 FROM tab1 AS cor0 GROUP BY cor0.col2
----
1
1
1

query I rowsort
SELECT 97 FROM tab0 AS cor0 GROUP BY col0
----
97
97
97

query I rowsort
SELECT ALL - col2 AS col0 FROM tab1 cor0 GROUP BY cor0.col2
----
-45
-71
-8

query I rowsort
SELECT cor0.col2 AS col0 FROM tab2 AS cor0 GROUP BY col0, cor0.col2
----
58
79
87

query I rowsort
SELECT DISTINCT ( + 14 * + cor0.col2 ) + 44 AS col1 FROM tab1 AS cor0 GROUP BY col2
----
1038
156
674

query I rowsort
SELECT DISTINCT 79 AS col1 FROM tab1 AS cor0 GROUP BY col2
----
79

query I rowsort
SELECT DISTINCT + cor0.col2 AS col0 FROM tab2, tab1 AS cor0 GROUP BY cor0.col2
----
45
71
8

query I rowsort
SELECT DISTINCT + col1 AS col0 FROM tab1 AS cor0 GROUP BY col1
----
44
57
6

skipif postgresql # PostgreSQL requires AS when renaming output columns
query I rowsort
SELECT DISTINCT + cor0.col0 col1 FROM tab1 cor0 GROUP BY col0
----
22
28
82

query I rowsort
SELECT DISTINCT - col0 + cor0.col0 AS col1 FROM tab0 AS cor0 GROUP BY col0
----
0

onlyif mysql # CAST syntax: SIGNED type: 
query I rowsort label-135
SELECT DISTINCT + + CAST( NULL AS SIGNED ) AS col2 FROM tab1 GROUP BY tab1.col2
----
NULL

skipif mysql # not compatible
query I rowsort label-135
SELECT DISTINCT + + CAST ( NULL AS INTEGER ) AS col2 FROM tab1 GROUP BY tab1.col2
----
NULL

query I rowsort
SELECT DISTINCT + 68 FROM tab2 AS cor0 GROUP BY cor0.col0, cor0.col2
----
68

skipif postgresql # PostgreSQL requires AS when renaming output columns
query I rowsort
SELECT ALL cor0.col1 * 61 col2 FROM tab0 AS cor0 GROUP BY col1
----
0
4941

query I rowsort
SELECT ALL + cor0.col2 FROM tab0 AS cor0 GROUP BY col2, cor0.col0
----
24
38
79

onlyif mysql # CAST syntax: SIGNED type: 
query I rowsort label-139
SELECT ALL - - CAST( NULL AS SIGNED ) FROM tab1, tab1 cor0, tab2 AS cor1 GROUP BY cor0.col2
----
NULL
NULL
NULL

skipif mysql # not compatible
query I rowsort label-139
SELECT ALL - - CAST ( NULL AS INTEGER ) FROM tab1, tab1 cor0, tab2 AS cor1 GROUP BY cor0.col2
----
NULL
NULL
NULL

skipif postgresql # PostgreSQL requires AS when renaming output columns
query I rowsort
SELECT ALL + + cor0.col2 + - cor0.col2 col2 FROM tab1, tab1 AS cor0 GROUP BY cor0.col2
----
0
0
0

query I rowsort
SELECT DISTINCT + - cor0.col2 AS col1 FROM tab0, tab1 AS cor0 GROUP BY cor0.col2
----
-45
-71
-8

query I rowsort
SELECT DISTINCT + 16 * 81 FROM tab1 AS cor0 CROSS JOIN tab0 AS cor1 GROUP BY cor1.col2
----
1296

query I rowsort
SELECT ALL cor0.col0 FROM tab2 AS cor0 CROSS JOIN tab0 AS cor1 GROUP BY cor0.col0
----
15
91
92

query I rowsort
SELECT DISTINCT 84 AS col0 FROM tab0 AS cor0 GROUP BY cor0.col0
----
84

query I rowsort
SELECT ALL - 70 AS col1 FROM tab1 AS cor0 GROUP BY cor0.col1
----
-70
-70
-70

query I rowsort
SELECT 77 AS col2 FROM tab1 AS cor0 GROUP BY cor0.col1
----
77
77
77

query I rowsort
SELECT DISTINCT 49 AS col0 FROM tab2, tab2 cor0 GROUP BY tab2.col1
----
49

onlyif mysql # CAST syntax: SIGNED type: 
query I rowsort label-148
SELECT ALL - CAST( 95 AS SIGNED ) FROM tab2, tab1 cor0 GROUP BY tab2.col0
----
-95
-95
-95

skipif mysql # not compatible
query I rowsort label-148
SELECT ALL - CAST ( 95 AS INTEGER ) FROM tab2, tab1 cor0 GROUP BY tab2.col0
----
-95
-95
-95

query I rowsort
SELECT ALL + 58 AS col0 FROM tab1, tab1 cor0 GROUP BY cor0.col2
----
58
58
58

query I rowsort
SELECT + 21 * + cor0.col1 AS col1 FROM tab2, tab1 AS cor0 GROUP BY cor0.col1
----
1197
126
924

query I rowsort
SELECT - 77 * cor0.col0 AS col1 FROM tab2 AS cor0 GROUP BY cor0.col0, cor0.col2
----
-1155
-7007
-7084

query I rowsort
SELECT 66 AS col2 FROM tab2 AS cor0 GROUP BY cor0.col2
----
66
66
66

skipif postgresql # PostgreSQL requires AS when renaming output columns
query I rowsort
SELECT ALL + cor0.col1 col1 FROM tab2 cor0 GROUP BY cor0.col1
----
41
59
61

query I rowsort
SELECT + 7 - cor0.col2 * cor0.col2 AS col1 FROM tab1 AS cor0 GROUP BY cor0.col0, col2
----
-2018
-5034
-57

query I rowsort
SELECT - cor0.col0 AS col1 FROM tab0, tab0 AS cor0 GROUP BY cor0.col0
----
-26
-43
-83

query I rowsort
SELECT - col1 * col1 FROM tab2 AS cor0 GROUP BY col1, cor0.col1
----
-1681
-3481
-3721

query I rowsort
SELECT DISTINCT + col2 AS col0 FROM tab0 AS cor0 GROUP BY cor0.col1, cor0.col2
----
24
38
79

query I rowsort
SELECT cor0.col2 AS col1 FROM tab1 AS cor0 GROUP BY col2, cor0.col1
----
45
71
8

query I rowsort
SELECT + - cor0.col2 FROM tab1, tab1 AS cor0, tab2 AS cor1 GROUP BY cor0.col2
----
-45
-71
-8

query I rowsort
SELECT ALL + 91 FROM tab2 AS cor0 GROUP BY cor0.col0
----
91
91
91

query I rowsort
SELECT cor0.col2 - + ( - cor0.col2 ) AS col2 FROM tab1 AS cor0 GROUP BY cor0.col2
----
142
16
90

onlyif mysql # CAST syntax: DECIMAL type: 
query I rowsort label-162
SELECT DISTINCT CAST( NULL AS DECIMAL ) AS col1 FROM tab2 AS cor0 GROUP BY cor0.col0
----
NULL

skipif mysql # not compatible
query I rowsort label-162
SELECT DISTINCT CAST ( NULL AS REAL ) AS col1 FROM tab2 AS cor0 GROUP BY cor0.col0
----
NULL

query I rowsort
SELECT ALL - cor1.col2 FROM tab2 AS cor0 CROSS JOIN tab1 AS cor1 GROUP BY cor1.col2
----
-45
-71
-8

query I rowsort
SELECT ALL col1 FROM tab1 AS cor0 GROUP BY cor0.col1, cor0.col0
----
44
57
6

query I rowsort
SELECT ALL + cor0.col0 AS col0 FROM tab0 cor0 GROUP BY cor0.col1, cor0.col0, cor0.col0
----
26
43
83

query I rowsort
SELECT + cor0.col0 + - col1 FROM tab2 AS cor0 GROUP BY cor0.col0, cor0.col1
----
-46
32
51

query I rowsort
SELECT + cor0.col0 FROM tab0 AS cor0 GROUP BY cor0.col0, cor0.col1
----
26
43
83

onlyif mysql # CAST syntax: SIGNED type: 
query I rowsort label-168
SELECT DISTINCT - CAST( 9 AS SIGNED ) * - cor0.col2 * ( + cor0.col0 ) AS col0 FROM tab2 AS cor0 GROUP BY cor0.col0, cor0.col2
----
11745
48024
64701

skipif mysql # not compatible
query I rowsort label-168
SELECT DISTINCT - CAST ( 9 AS INTEGER ) * - cor0.col2 * ( + cor0.col0 ) AS col0 FROM tab2 AS cor0 GROUP BY cor0.col0, cor0.col2
----
11745
48024
64701

query I rowsort
SELECT cor0.col2 AS col0 FROM tab0 cor0 GROUP BY cor0.col2, col0
----
24
38
79

query I rowsort
SELECT ALL - ( - cor0.col1 ) FROM tab2 AS cor0 GROUP BY col1
----
41
59
61

query I rowsort
SELECT - tab2.col1 AS col2 FROM tab2 GROUP BY col1
----
-41
-59
-61

query I rowsort
SELECT ALL cor0.col2 + col0 + - cor0.col0 * cor0.col2 AS col2 FROM tab1 AS cor0 GROUP BY cor0.col0, cor0.col2
----
-1187
-146
-5669

query I rowsort
SELECT ALL cor0.col1 * cor0.col1 + cor0.col1 AS col2 FROM tab0 AS cor0 GROUP BY cor0.col1
----
0
6642

skipif postgresql # PostgreSQL requires AS when renaming output columns
query I rowsort
SELECT ALL 81 * cor0.col0 col2 FROM tab1 AS cor0 GROUP BY cor0.col0
----
1782
2268
6642

onlyif mysql # DIV for integer division: 
query I rowsort label-175
SELECT + tab2.col1 DIV tab2.col1 AS col2 FROM tab2 GROUP BY tab2.col1
----
1
1
1

skipif mysql # not compatible
query I rowsort label-175
SELECT + tab2.col1 / tab2.col1 AS col2 FROM tab2 GROUP BY tab2.col1
----
1
1
1

query I rowsort
SELECT ALL 72 * + cor0.col0 + 71 FROM tab1, tab0 AS cor0 GROUP BY cor0.col0
----
1943
3167
6047

query I rowsort
SELECT DISTINCT 81 AS col0 FROM tab1 AS cor0 GROUP BY cor0.col1, cor0.col1
----
81

query I rowsort
SELECT DISTINCT + 10 AS col2 FROM tab2 AS cor0 GROUP BY cor0.col0
----
10

skipif postgresql # PostgreSQL requires AS when renaming output columns
query I rowsort
SELECT DISTINCT - 34 col1 FROM tab1 AS cor0 GROUP BY cor0.col0
----
-34

query I rowsort
SELECT DISTINCT - 49 AS col2 FROM tab0 AS cor0 CROSS JOIN tab1 cor1 GROUP BY cor1.col0
----
-49

onlyif mysql # DIV for integer division: 
query I rowsort label-181
SELECT ALL cor1.col2 + cor1.col2 DIV 26 AS col2 FROM tab1 cor0 CROSS JOIN tab2 cor1 GROUP BY cor1.col2
----
60
82
90

skipif mysql # not compatible
query I rowsort label-181
SELECT ALL cor1.col2 + cor1.col2 / 26 AS col2 FROM tab1 cor0 CROSS JOIN tab2 cor1 GROUP BY cor1.col2
----
60
82
90

query I rowsort
SELECT + 85 FROM tab2 AS cor0 GROUP BY cor0.col2
----
85
85
85

query I rowsort
SELECT + 86 AS col2 FROM tab2 AS cor0 GROUP BY cor0.col2
----
86
86
86

query I rowsort
SELECT 95 FROM tab1 GROUP BY tab1.col0
----
95
95
95

query I rowsort
SELECT ALL + col1 FROM tab2 GROUP BY tab2.col1
----
41
59
61

onlyif mysql # DIV for integer division: 
query I rowsort label-186
SELECT + cor0.col1 DIV - cor0.col1 AS col1 FROM tab2 AS cor0 GROUP BY cor0.col1
----
-1
-1
-1

skipif mysql # not compatible
query I rowsort label-186
SELECT + cor0.col1 / - cor0.col1 AS col1 FROM tab2 AS cor0 GROUP BY cor0.col1
----
-1
-1
-1

query I rowsort
SELECT cor0.col1 FROM tab1 AS cor0 GROUP BY col2, cor0.col1
----
44
57
6

query I rowsort
SELECT 2 FROM tab1 AS cor0 GROUP BY col1
----
2
2
2

skipif postgresql # PostgreSQL requires AS when renaming output columns
query I rowsort
SELECT ALL col1 col1 FROM tab2 GROUP BY col1
----
41
59
61

query I rowsort
SELECT DISTINCT tab2.col2 AS col0 FROM tab2 GROUP BY col2
----
58
79
87

query I rowsort
SELECT DISTINCT - cor0.col1 * + cor0.col1 FROM tab2 AS cor0 GROUP BY cor0.col1
----
-1681
-3481
-3721

query I rowsort
SELECT - col2 FROM tab0 GROUP BY tab0.col2 HAVING NULL >= NULL
----

query I rowsort
SELECT - - cor0.col1 AS col0 FROM tab2, tab2 AS cor0 GROUP BY cor0.col1
----
41
59
61

query I rowsort
SELECT DISTINCT cor0.col2 * 88 AS col1 FROM tab1 AS cor0 GROUP BY col2
----
3960
6248
704

query I rowsort
SELECT DISTINCT + - cor0.col2 FROM tab1, tab0 AS cor0 GROUP BY cor0.col2
----
-24
-38
-79

query I rowsort
SELECT ALL + col2 FROM tab0 AS cor0 GROUP BY col2
----
24
38
79

query I rowsort
SELECT ALL 69 FROM tab0 AS cor0 GROUP BY cor0.col0
----
69
69
69

query I rowsort
SELECT ALL cor0.col0 + col0 FROM tab2 cor0 GROUP BY cor0.col0
----
182
184
30

query I rowsort
SELECT 71 AS col2 FROM tab0, tab1 cor0 GROUP BY tab0.col1
----
71
71

query I rowsort
SELECT ALL 52 FROM tab1 GROUP BY tab1.col0
----
52
52
52

query I rowsort
SELECT DISTINCT - 24 FROM tab1 AS cor0 GROUP BY cor0.col1
----
-24

query I rowsort
SELECT ALL + cor0.col2 AS col0 FROM tab0 AS cor0 GROUP BY cor0.col1, col2
----
24
38
79

skipif postgresql # PostgreSQL requires AS when renaming output columns
query I rowsort
SELECT - ( 67 ) col2 FROM tab2 AS cor0 GROUP BY cor0.col1
----
-67
-67
-67

query I rowsort
SELECT ALL 7 FROM tab2 AS cor0 GROUP BY cor0.col2
----
7
7
7

query I rowsort
SELECT + ( - cor0.col0 ) AS col2 FROM tab2 AS cor0 GROUP BY cor0.col0
----
-15
-91
-92

skipif postgresql # PostgreSQL requires AS when renaming output columns
query I rowsort
SELECT DISTINCT + ( + 68 ) + + cor0.col2 - + cor0.col2 col0 FROM tab0 AS cor0 GROUP BY cor0.col2
----
68

query I rowsort
SELECT - cor0.col1 * col1 AS col1 FROM tab2 AS cor0 GROUP BY cor0.col1
----
-1681
-3481
-3721

query I rowsort
SELECT 10 FROM tab1 AS cor0 CROSS JOIN tab1 AS cor1 GROUP BY cor0.col0
----
10
10
10

query I rowsort
SELECT + 40 + cor0.col0 + cor0.col1 FROM tab2 AS cor0 GROUP BY cor0.col0, cor0.col1
----
116
173
190

query I rowsort
SELECT + cor0.col0 AS col2 FROM tab2 cor0 GROUP BY cor0.col0, cor0.col1
----
15
91
92

query I rowsort
SELECT ALL cor0.col2 + ( - cor0.col2 ) FROM tab0 AS cor0 GROUP BY cor0.col2
----
0
0
0

query I rowsort
SELECT DISTINCT + cor0.col2 * 62 AS col2 FROM tab0, tab2 AS cor0, tab1 cor1 GROUP BY cor0.col2
----
3596
4898
5394

query I rowsort
SELECT + 51 * + 50 AS col2 FROM tab2 AS cor0 GROUP BY cor0.col1
----
2550
2550
2550

onlyif mysql # CAST syntax: SIGNED type: 
query I rowsort label-214
SELECT DISTINCT CAST( NULL AS SIGNED ) * + 47 FROM tab0, tab0 AS cor0 GROUP BY cor0.col2
----
NULL

skipif mysql # not compatible
query I rowsort label-214
SELECT DISTINCT CAST ( NULL AS INTEGER ) * + 47 FROM tab0, tab0 AS cor0 GROUP BY cor0.col2
----
NULL

query I rowsort
SELECT + ( 8 ) AS col0 FROM tab1, tab2 AS cor0 GROUP BY cor0.col1
----
8
8
8

skipif postgresql # PostgreSQL requires AS when renaming output columns
query I rowsort
SELECT ALL cor1.col1 col2 FROM tab2 AS cor0 CROSS JOIN tab0 AS cor1 GROUP BY cor1.col1
----
0
81

query I rowsort
SELECT DISTINCT ( 78 ) * cor0.col1 AS col2 FROM tab0, tab1 AS cor0 GROUP BY cor0.col1
----
3432
4446
468

query I rowsort
SELECT - 23 + col0 AS col1 FROM tab1 AS cor0 GROUP BY cor0.col0, cor0.col1
----
-1
5
59

query I rowsort
SELECT + 56 AS col0 FROM tab1 AS cor0 GROUP BY cor0.col0
----
56
56
56

query I rowsort
SELECT cor0.col0 + + cor0.col0 * - col2 FROM tab1 AS cor0 GROUP BY cor0.col0, cor0.col2
----
-1232
-154
-5740

skipif postgresql # PostgreSQL requires AS when renaming output columns
query I rowsort
SELECT ALL - 35 col2 FROM tab0 cor0 GROUP BY cor0.col2
----
-35
-35
-35

onlyif mysql # CAST syntax: SIGNED type: 
query I rowsort label-222
SELECT - CAST( NULL AS SIGNED ) col2 FROM tab0 AS cor0 GROUP BY cor0.col2
----
NULL
NULL
NULL

skipif mysql # not compatible
skipif postgresql # PostgreSQL requires AS when renaming output columns
query I rowsort label-222
SELECT - CAST ( NULL AS INTEGER ) col2 FROM tab0 AS cor0 GROUP BY cor0.col2
----
NULL
NULL
NULL
