hash-threshold 8

statement ok
CREATE TABLE tab0(col0 INTEGER, col1 INTEGER, col2 INTEGER)

statement ok
CREATE TABLE tab1(col0 INTEGER, col1 INTEGER, col2 INTEGER)

statement ok
CREATE TABLE tab2(col0 INTEGER, col1 INTEGER, col2 INTEGER)

statement ok
INSERT INTO tab0 VALUES(89,91,82)

statement ok
INSERT INTO tab0 VALUES(35,97,1)

statement ok
INSERT INTO tab0 VALUES(24,86,33)

statement ok
INSERT INTO tab1 VALUES(64,10,57)

statement ok
INSERT INTO tab1 VALUES(3,26,54)

statement ok
INSERT INTO tab1 VALUES(80,13,96)

statement ok
INSERT INTO tab2 VALUES(7,31,27)

statement ok
INSERT INTO tab2 VALUES(79,17,38)

statement ok
INSERT INTO tab2 VALUES(78,59,26)

query I rowsort
SELECT col2 - ( 7 ) AS col0 FROM tab2
----
19
20
31

query I rowsort
SELECT - col2 + col2 * col0 AS col1 FROM tab2 AS cor0
----
162
2002
2964

query I rowsort
SELECT DISTINCT - 42 * - ( col1 ) FROM tab0 AS cor0
----
3612
3822
4074

query I rowsort
SELECT DISTINCT + 47 * - 74 * + col2 FROM tab1 AS cor0
----
-187812
-198246
-333888

query I rowsort
SELECT - - 7 + + col1 - col1 AS col2 FROM tab1 AS cor0
----
7
7
7

onlyif mysql # support for MySQL specific system types and syntax
query I rowsort label-5
SELECT ALL - CAST( - ( - col0 ) AS SIGNED ) + tab2.col1 FROM tab2
----
-19
-62
24

skipif mysql # not compatible
query I rowsort label-5
SELECT ALL - CAST ( - ( - col0 ) AS INTEGER ) + tab2.col1 FROM tab2
----
-19
-62
24

query I rowsort
SELECT + 20 * col2 FROM tab1
----
1080
1140
1920

onlyif mysql # use DIV operator for integer division
query I rowsort label-7
SELECT - col0 DIV + col0 + col0 FROM tab2
----
6
77
78

skipif mysql # not compatible
query I rowsort label-7
SELECT - col0 / + col0 + col0 FROM tab2
----
6
77
78

skipif postgresql # PostgreSQL requires AS when renaming output columns
query I rowsort
SELECT ALL 90 + tab2.col1 col0 FROM tab2
----
107
121
149

query I rowsort
SELECT DISTINCT - col1 + 12 AS col2 FROM tab0 AS cor0
----
-74
-79
-85

query I rowsort
SELECT + col1 * - col2 + col1 + col1 AS col2 FROM tab2 AS cor0
----
-1416
-612
-775

query I rowsort
SELECT DISTINCT cor0.col0 * col2 + col1 FROM tab2 AS cor0
----
2087
220
3019

query I rowsort
SELECT - + 6 * col2 + col2 - col2 AS col1 FROM tab1 AS cor0
----
-324
-342
-576

query I rowsort
SELECT ALL col2 * 85 FROM tab2 AS cor0
----
2210
2295
3230

query I rowsort
SELECT + col0 * col0 * + col2 AS col1 FROM tab1
----
233472
486
614400

query I rowsort
SELECT + 52 + - 93 * + col2 - col0 AS col0 FROM tab2 AS cor0
----
-2444
-2466
-3561

query I rowsort
SELECT ALL + cor0.col2 * + 85 AS col2 FROM tab1 AS cor0
----
4590
4845
8160

query I rowsort
SELECT col2 + - col2 * - col0 + - col0 FROM tab1 cor0
----
213
3641
7696

query I rowsort
SELECT DISTINCT 49 * + 80 * col0 AS col2 FROM tab0 AS cor0
----
137200
348880
94080

query I rowsort
SELECT DISTINCT + col2 * cor0.col2 + col0 * + col2 + + col0 AS col2 FROM tab2 AS cor0
----
2782
4525
925

skipif postgresql # PostgreSQL requires AS when renaming output columns
query I rowsort
SELECT ALL 81 * col0 col0 FROM tab0
----
1944
2835
7209

query I rowsort
SELECT + ( cor0.col2 ) FROM tab2, tab0, tab0 cor0
----
27 values hashing to 7786718bd8042022537378d40ec87475

onlyif mysql # use DIV operator for integer division
query I rowsort label-22
SELECT ALL - 81 DIV col0 AS col0 FROM tab1
----
-1
-1
-27

skipif mysql # not compatible
query I rowsort label-22
SELECT ALL - 81 / col0 AS col0 FROM tab1
----
-1
-1
-27

query I rowsort
SELECT 96 AS col0 FROM tab1
----
96
96
96

skipif postgresql # PostgreSQL requires AS when renaming output columns
query I rowsort
SELECT ALL - + 51 * col2 col1 FROM tab0 AS cor0
----
-1683
-4182
-51

query I rowsort
SELECT ALL 22 AS col0 FROM tab1 AS cor0
----
22
22
22

query I rowsort
SELECT + ( col1 ) * col1 * + ( col0 ) FROM tab0 AS cor0
----
177504
329315
737009

query I rowsort
SELECT - col1 + + col2 + + 29 * + col0 AS col0 FROM tab0 AS cor0
----
2572
643
919

query I rowsort
SELECT DISTINCT - col1 + col2 + col2 FROM tab1 AS cor0
----
104
179
82

query I rowsort
SELECT - 37 * - col0 AS col1 FROM tab1
----
111
2368
2960

skipif postgresql # PostgreSQL requires AS when renaming output columns
query I rowsort
SELECT DISTINCT 42 col1 FROM tab1
----
42

query I rowsort
SELECT DISTINCT cor0.col1 + - col2 * - col1 FROM tab2 AS cor0
----
1593
663
868

query I rowsort
SELECT DISTINCT col2 * - col0 + - ( col2 ) AS col1 FROM tab1 AS cor0
----
-216
-3705
-7776

onlyif mysql # use DIV operator for integer division
query I rowsort label-33
SELECT + col2 DIV - col0 AS col1 FROM tab1 cor0
----
-1
-18
0

skipif mysql # not compatible
query I rowsort label-33
SELECT + col2 / - col0 AS col1 FROM tab1 cor0
----
-1
-18
0

query I rowsort
SELECT ALL - col1 * - cor0.col2 + col1 FROM tab1 AS cor0
----
1261
1430
580

skipif postgresql # PostgreSQL requires AS when renaming output columns
query I rowsort
SELECT DISTINCT - col0 + + 33 col0 FROM tab0 AS cor0
----
-2
-56
9

query I rowsort
SELECT DISTINCT col0 * - 79 AS col2 FROM tab1
----
-237
-5056
-6320

query I rowsort
SELECT ALL col1 + ( - col2 ) AS col2 FROM tab1 AS cor0
----
-28
-47
-83

query I rowsort
SELECT DISTINCT + col2 * ( - col1 ) AS col2 FROM tab1 AS cor0
----
-1248
-1404
-570

skipif postgresql # PostgreSQL requires AS when renaming output columns
query I rowsort
SELECT col0 + 80 col0 FROM tab1 cor0
----
144
160
83

query I rowsort
SELECT - col2 * + 57 AS col0 FROM tab2 AS cor0
----
-1482
-1539
-2166

query I rowsort
SELECT - col0 * - 21 * + col1 AS col1 FROM tab1 AS cor0
----
13440
1638
21840

query I rowsort
SELECT ALL + col0 + cor0.col0 AS col1 FROM tab1 AS cor0
----
128
160
6

query I rowsort
SELECT DISTINCT - col2 + + col0 AS col1 FROM tab1 AS cor0
----
-16
-51
7

query I rowsort
SELECT DISTINCT 95 AS col0 FROM tab1, tab2 AS cor0, tab2 AS cor1, tab0 AS cor2
----
95

skipif postgresql # PostgreSQL requires AS when renaming output columns
query I rowsort
SELECT col0 * cor0.col2 + ( - col2 ) col2 FROM tab0 AS cor0
----
34
7216
759

query I rowsort
SELECT DISTINCT + cor0.col2 + tab1.col0 FROM tab1, tab0, tab1 AS cor0
----
9 values hashing to f2656d9e76ae2d6dc568bba21c85e398

query I rowsort
SELECT cor0.col1 FROM tab0, tab2, tab0 AS cor0
----
27 values hashing to 2d6d3031dfe90e0c02db13aa63993bfd

query I rowsort
SELECT - 25 AS col1 FROM tab2, tab0, tab0 AS cor0
----
27 values hashing to 2e7a33467ee3a4d9570560d60302b35a

query I rowsort
SELECT ALL 51 * col1 + 36 * col2 AS col2 FROM tab1 AS cor0
----
2562
3270
4119

query I rowsort
SELECT col1 + col0 * + 84 FROM tab2 AS cor0
----
619
6611
6653

query I rowsort
SELECT 94 FROM tab2, tab2 AS cor0, tab0 cor1, tab2 AS cor2
----
81 values hashing to d876bb0ae813b06a5ee497ecacf37ee6

onlyif mysql # use DIV operator for integer division
query I rowsort label-52
SELECT + col0 * - col2 + + col2 DIV - col1 AS col2 FROM tab2 cor0
----
-189
-2028
-3004

skipif mysql # not compatible
query I rowsort label-52
SELECT + col0 * - col2 + + col2 / - col1 AS col2 FROM tab2 cor0
----
-189
-2028
-3004

query I rowsort
SELECT - + col2 * + col0 + 70 * + col0 FROM tab2 cor0
----
2528
301
3432

query I rowsort
SELECT ALL - 84 * + col1 FROM tab0
----
-7224
-7644
-8148

query I rowsort
SELECT ALL 33 FROM tab1, tab0, tab2 AS cor0
----
27 values hashing to 76da8bc7cae18ecf856438f872430c80

query I rowsort
SELECT + + 2 * - cor0.col2 FROM tab2, tab1, tab2 cor0
----
27 values hashing to c9dae561420572cb9389fe3e7fcc7e77

query I rowsort
SELECT - col0 + col2 + - col0 AS col1 FROM tab2 AS cor0
----
-120
-130
13

query I rowsort
SELECT ( - 73 ) * col1 FROM tab2 AS cor0
----
-1241
-2263
-4307

query I rowsort
SELECT - ( + 43 ) * - cor0.col0 AS col2 FROM tab2 AS cor0
----
301
3354
3397

query I rowsort
SELECT - col0 + 27 * col1 FROM tab1
----
206
271
699

query I rowsort
SELECT - col2 + - ( - col0 ) AS col2 FROM tab2
----
-20
41
52

onlyif mysql # use DIV operator for integer division
query I rowsort label-62
SELECT ALL - col2 DIV col2 col0 FROM tab0
----
-1
-1
-1

skipif postgresql # PostgreSQL requires AS when renaming output columns
skipif mysql # not compatible
query I rowsort label-62
SELECT ALL - col2 / col2 col0 FROM tab0
----
-1
-1
-1

query I rowsort
SELECT ( + cor0.col1 ) + tab0.col1 FROM tab0, tab2 cor0
----
9 values hashing to 07a9fa96c94913f866af2be611e89dab

query I rowsort
SELECT DISTINCT + 94 FROM tab2, tab2 AS cor0
----
94

skipif postgresql # PostgreSQL requires AS when renaming output columns
query I rowsort
SELECT ALL + 31 col0 FROM tab0
----
31
31
31

onlyif mysql # support for MySQL specific system types and syntax
query I rowsort label-66
SELECT ALL + + CAST( NULL AS SIGNED ) + - ( cor0.col1 ) * - ( cor0.col0 ) FROM tab1 AS cor0
----
NULL
NULL
NULL

skipif mysql # not compatible
query I rowsort label-66
SELECT ALL + + CAST ( NULL AS INTEGER ) + - ( cor0.col1 ) * - ( cor0.col0 ) FROM tab1 AS cor0
----
NULL
NULL
NULL

query I rowsort
SELECT DISTINCT - + ( cor0.col1 ) * + col2 AS col0 FROM tab2 cor0
----
-1534
-646
-837

skipif postgresql # PostgreSQL requires AS when renaming output columns
query I rowsort
SELECT + 19 col1 FROM tab0
----
19
19
19

query I rowsort
SELECT + - 99 AS col1 FROM tab1 cor0
----
-99
-99
-99

query I rowsort
SELECT DISTINCT + ( - tab0.col2 ) AS col0 FROM tab0
----
-1
-33
-82

skipif postgresql # PostgreSQL requires AS when renaming output columns
query I rowsort
SELECT ALL - - col1 * col2 + + 79 col2 FROM tab1 AS cor0
----
1327
1483
649

query I rowsort
SELECT ALL - 29 * cor0.col1 AS col0 FROM tab1 cor0
----
-290
-377
-754

query I rowsort
SELECT DISTINCT + 33 * col1 AS col1 FROM tab2 AS cor0
----
1023
1947
561

onlyif mysql # use DIV operator for integer division
query I rowsort label-74
SELECT ALL + col0 DIV - col0 AS col1 FROM tab1 cor0
----
-1
-1
-1

skipif mysql # not compatible
query I rowsort label-74
SELECT ALL + col0 / - col0 AS col1 FROM tab1 cor0
----
-1
-1
-1

query I rowsort
SELECT + 79 * - col1 AS col2 FROM tab1 AS cor0
----
-1027
-2054
-790

query I rowsort
SELECT - 74 AS col0 FROM tab1 AS cor0
----
-74
-74
-74

query I rowsort
SELECT ALL + tab0.col2 * 36 * + col2 FROM tab0
----
242064
36
39204

query I rowsort
SELECT + cor0.col2 + + col1 + col2 * col0 FROM tab0 cor0
----
133
7471
911

query I rowsort
SELECT - col1 + ( col1 ) FROM tab0 AS cor0
----
0
0
0

onlyif mysql # support for MySQL specific system types and syntax
query I rowsort label-80
SELECT + cor0.col2 * CAST( NULL AS SIGNED ) + + cor0.col1 col1 FROM tab2 AS cor0
----
NULL
NULL
NULL

skipif postgresql # PostgreSQL requires AS when renaming output columns
skipif mysql # not compatible
query I rowsort label-80
SELECT + cor0.col2 * CAST ( NULL AS INTEGER ) + + cor0.col1 col1 FROM tab2 AS cor0
----
NULL
NULL
NULL

query I rowsort
SELECT - ( 5 ) * col2 FROM tab1 AS cor0
----
-270
-285
-480

onlyif mysql # use DIV operator for integer division
query I rowsort label-82
SELECT 28 DIV col2 + col2 + - 34 FROM tab0 AS cor0
----
-1
-5
48

skipif mysql # not compatible
query I rowsort label-82
SELECT 28 / col2 + col2 + - 34 FROM tab0 AS cor0
----
-1
-5
48

query I rowsort
SELECT + cor1.col1 FROM tab0, tab2 AS cor0, tab2 AS cor1
----
27 values hashing to 7599b480125de521efed71b5b2413c7d

query I rowsort
SELECT ALL + - 26 FROM tab0 cor0
----
-26
-26
-26

query I rowsort
SELECT 51 AS col0 FROM tab2, tab1 AS cor0
----
9 values hashing to d8bf0a05c9c4d2a93812d106baae4752

query I rowsort
SELECT ALL 15 FROM tab0, tab2 AS cor0
----
9 values hashing to d1d280d38bf9c2d5d5ec90dd43aeaffd

query I rowsort
SELECT + col0 * + ( 12 * + col2 ) FROM tab2
----
2268
24336
36024

query I rowsort
SELECT col2 + - 67 FROM tab0
----
-34
-66
15

onlyif mysql # support for MySQL specific system types and syntax
query I rowsort label-89
SELECT DISTINCT + col2 - - CAST( - col1 AS SIGNED ) FROM tab1
----
28
47
83

skipif mysql # not compatible
query I rowsort label-89
SELECT DISTINCT + col2 - - CAST ( - col1 AS INTEGER ) FROM tab1
----
28
47
83

query I rowsort
SELECT DISTINCT 57 FROM tab1 cor0
----
57

onlyif mysql # support for MySQL specific system types and syntax
query I rowsort label-91
SELECT ALL - CAST( NULL AS SIGNED ) * col2 + col0 + + col1 FROM tab0 AS cor0
----
NULL
NULL
NULL

skipif mysql # not compatible
query I rowsort label-91
SELECT ALL - CAST ( NULL AS INTEGER ) * col2 + col0 + + col1 FROM tab0 AS cor0
----
NULL
NULL
NULL

query I rowsort
SELECT DISTINCT + tab0.col1 - col1 AS col0 FROM tab0
----
0

onlyif mysql # use DIV operator for integer division
query I rowsort label-93
SELECT col2 DIV - 11 FROM tab0
----
-3
-7
0

skipif mysql # not compatible
query I rowsort label-93
SELECT col2 / - 11 FROM tab0
----
-3
-7
0

onlyif mysql # use DIV operator for integer division
query I rowsort label-94
SELECT + col1 + + col1 DIV 26 FROM tab2
----
17
32
61

skipif mysql # not compatible
query I rowsort label-94
SELECT + col1 + + col1 / 26 FROM tab2
----
17
32
61

skipif postgresql # PostgreSQL requires AS when renaming output columns
query I rowsort
SELECT tab0.col0 * - col2 + + col0 col1 FROM tab0
----
-7209
-768
0

onlyif mysql # use DIV operator for integer division
query I rowsort label-96
SELECT DISTINCT col0 DIV cor0.col0 + + cor0.col1 + col2 AS col1 FROM tab0 AS cor0
----
120
174
99

skipif mysql # not compatible
query I rowsort label-96
SELECT DISTINCT col0 / cor0.col0 + + cor0.col1 + col2 AS col1 FROM tab0 AS cor0
----
120
174
99

query I rowsort
SELECT DISTINCT + tab0.col1 + 84 FROM tab0
----
170
175
181

onlyif mysql # support for MySQL specific system types and syntax
query I rowsort label-98
SELECT ALL col0 + + CAST( NULL AS SIGNED ) + ( + col0 ) AS col2 FROM tab1
----
NULL
NULL
NULL

skipif mysql # not compatible
query I rowsort label-98
SELECT ALL col0 + + CAST ( NULL AS INTEGER ) + ( + col0 ) AS col2 FROM tab1
----
NULL
NULL
NULL

query I rowsort
SELECT col1 * + 22 + col2 AS col0 FROM tab2 AS cor0
----
1324
412
709

query I rowsort
SELECT DISTINCT col1 * col0 * + col0 AS col2 FROM tab2 AS cor0
----
106097
1519
358956

query I rowsort
SELECT ALL 3 AS col2 FROM tab2 cor0
----
3
3
3

query I rowsort
SELECT ALL col2 * col1 AS col2 FROM tab0 cor0
----
2838
7462
97

query I rowsort
SELECT ALL 78 * col2 AS col2 FROM tab0 AS cor0
----
2574
6396
78

query I rowsort
SELECT DISTINCT + 54 * ( col0 ) * - col2 + - tab1.col0 * + col2 FROM tab1
----
-200640
-422400
-8910

onlyif mysql # use DIV operator for integer division
query I rowsort label-105
SELECT DISTINCT ( + col1 ) + col1 + + col1 DIV + ( cor0.col0 ) FROM tab2 AS cor0
----
118
34
66

skipif mysql # not compatible
query I rowsort label-105
SELECT DISTINCT ( + col1 ) + col1 + + col1 / + ( cor0.col0 ) FROM tab2 AS cor0
----
118
34
66

onlyif mysql # use DIV operator for integer division
query I rowsort label-106
SELECT cor0.col2 DIV - 61 + cor0.col0 + - col1 AS col1 FROM tab2 AS cor0
----
-24
19
62

skipif mysql # not compatible
query I rowsort label-106
SELECT cor0.col2 / - 61 + cor0.col0 + - col1 AS col1 FROM tab2 AS cor0
----
-24
19
62

onlyif mysql # use DIV operator for integer division
query I rowsort label-107
SELECT + CAST( + 99 AS SIGNED ) + cor0.col2 DIV - col0 FROM tab2 AS cor0
----
96
99
99

skipif mysql # not compatible
query I rowsort label-107
SELECT + CAST ( + 99 AS INTEGER ) + cor0.col2 / - col0 FROM tab2 AS cor0
----
96
99
99

query I rowsort
SELECT DISTINCT + 49 * + 52 FROM tab0 AS cor0
----
2548

onlyif mysql # use DIV operator for integer division
query I rowsort label-109
SELECT + cor0.col0 * col2 + col1 * - col1 DIV col1 FROM tab0 AS cor0
----
-62
706
7207

skipif mysql # not compatible
query I rowsort label-109
SELECT + cor0.col0 * col2 + col1 * - col1 / col1 FROM tab0 AS cor0
----
-62
706
7207

query I rowsort
SELECT ALL - col1 + - col2 * col0 FROM tab2 AS cor0
----
-2087
-220
-3019

skipif postgresql # PostgreSQL requires AS when renaming output columns
query I rowsort
SELECT + - col1 * - col0 - - col1 col1 FROM tab1 AS cor0
----
104
1053
650

query I rowsort
SELECT ALL - ( cor0.col1 ) FROM tab2 cor0
----
-17
-31
-59

query I rowsort
SELECT - - ( col1 ) + - col2 AS col1 FROM tab0 AS cor0
----
53
9
96

query I rowsort
SELECT DISTINCT - 46 * + col1 * cor0.col0 FROM tab0 AS cor0
----
-156170
-372554
-94944

query I rowsort
SELECT - col2 + - col2 - col2 FROM tab2 AS cor0
----
-114
-78
-81

query I rowsort
SELECT ALL - 47 AS col2 FROM tab1
----
-47
-47
-47

skipif postgresql # PostgreSQL requires AS when renaming output columns
query I rowsort
SELECT DISTINCT - - ( - cor0.col1 ) * 21 + col2 * + col0 col0 FROM tab1 cor0
----
-384
3438
7407

query I rowsort
SELECT DISTINCT cor0.col0 * - col1 + col2 + - 36 * - col1 AS col0 FROM tab0 AS cor0
----
-4741
1065
98

query I rowsort
SELECT DISTINCT - col1 + col0 * col2 FROM tab1 cor0
----
136
3638
7667

query I rowsort
SELECT ALL - 8 - col0 FROM tab1 AS cor0
----
-11
-72
-88

query I rowsort
SELECT ALL - col2 * + cor0.col0 - + ( + cor0.col0 ) * col1 AS col2 FROM tab2 AS cor0
----
-406
-4345
-6630

query I rowsort
SELECT - - 13 FROM tab0 cor0
----
13
13
13

onlyif mysql # use DIV operator for integer division
query I rowsort label-123
SELECT - - col2 DIV col0 AS col2 FROM tab1 cor0
----
0
1
18

skipif mysql # not compatible
query I rowsort label-123
SELECT - - col2 / col0 AS col2 FROM tab1 cor0
----
0
1
18

onlyif mysql # support for MySQL specific system types and syntax
query I rowsort label-124
SELECT ALL - col2 + + col0 + col1 * col2 * CAST( NULL AS SIGNED ) FROM tab0 AS cor0
----
NULL
NULL
NULL

skipif mysql # not compatible
query I rowsort label-124
SELECT ALL - col2 + + col0 + col1 * col2 * CAST ( NULL AS INTEGER ) FROM tab0 AS cor0
----
NULL
NULL
NULL

query I rowsort
SELECT DISTINCT - col2 * - cor0.col0 * col0 FROM tab1 AS cor0
----
233472
486
614400

skipif postgresql # PostgreSQL requires AS when renaming output columns
query I rowsort
SELECT ALL - col0 * ( col2 ) col1 FROM tab1 AS cor0
----
-162
-3648
-7680

query I rowsort
SELECT ALL + col0 + 13 FROM tab2 AS cor0
----
20
91
92

onlyif mysql # use DIV operator for integer division
query I rowsort label-128
SELECT DISTINCT + col2 * col2 + - col2 DIV col0 FROM tab2 cor0
----
1444
676
726

skipif mysql # not compatible
query I rowsort label-128
SELECT DISTINCT + col2 * col2 + - col2 / col0 FROM tab2 cor0
----
1444
676
726

query I rowsort
SELECT DISTINCT col2 * col2 + col0 AS col2 FROM tab0 AS cor0
----
1113
36
6813

query I rowsort
SELECT DISTINCT + + cor0.col1 + + ( + ( col1 ) ) FROM tab1 AS cor0
----
20
26
52

query I rowsort
SELECT ALL + - col2 * - cor0.col2 AS col2 FROM tab1 AS cor0
----
2916
3249
9216

query I rowsort
SELECT DISTINCT - - col2 * - col1 + + 34 * col0 * - 86 + + ( col2 ) * - col1 * cor0.col0 FROM tab2 cor0
----
-27164
-282676
-349258

onlyif mysql # use DIV operator for integer division
query I rowsort label-133
SELECT ALL + col0 + 35 * 43 + + col2 * 76 DIV - 84 col0 FROM tab0 AS cor0
----
1500
1520
1540

skipif postgresql # PostgreSQL requires AS when renaming output columns
skipif mysql # not compatible
query I rowsort label-133
SELECT ALL + col0 + 35 * 43 + + col2 * 76 / - 84 col0 FROM tab0 AS cor0
----
1500
1520
1540

query I rowsort
SELECT - - col0 + col0 * 77 AS col0 FROM tab1 AS cor0
----
234
4992
6240

onlyif mysql # support for MySQL specific system types and syntax
query I rowsort label-135
SELECT + col0 * + CAST( NULL AS SIGNED ) AS col1 FROM tab0 cor0
----
NULL
NULL
NULL

skipif mysql # not compatible
query I rowsort label-135
SELECT + col0 * + CAST ( NULL AS INTEGER ) AS col1 FROM tab0 cor0
----
NULL
NULL
NULL

onlyif mysql # support for MySQL specific system types and syntax
query I rowsort label-136
SELECT ALL col2 - ( - ( col2 ) ) * - CAST( NULL AS SIGNED ) FROM tab1 AS cor0
----
NULL
NULL
NULL

skipif mysql # not compatible
query I rowsort label-136
SELECT ALL col2 - ( - ( col2 ) ) * - CAST ( NULL AS INTEGER ) FROM tab1 AS cor0
----
NULL
NULL
NULL

query I rowsort
SELECT DISTINCT + col1 + + col2 * cor0.col2 * col2 AS col2 FROM tab1 AS cor0
----
157490
185203
884749

query I rowsort
SELECT col1 * ( - 51 ) FROM tab1 AS cor0
----
-1326
-510
-663

query I rowsort
SELECT + 82 + - col2 AS col1 FROM tab1 AS cor0
----
-14
25
28

query I rowsort
SELECT - 53 AS col2 FROM tab1, tab2 AS cor0
----
9 values hashing to fee5c00ad71c23e23683a32c71fe6e7d

query I rowsort
SELECT + 69 + col1 * col0 FROM tab0 AS cor0
----
2133
3464
8168

onlyif mysql # use DIV operator for integer division
query I rowsort label-142
SELECT DISTINCT - col0 + col2 DIV - col1 FROM tab1
----
-5
-69
-87

skipif mysql # not compatible
query I rowsort label-142
SELECT DISTINCT - col0 + col2 / - col1 FROM tab1
----
-5
-69
-87

query I rowsort
SELECT 65 FROM tab2, tab1 AS cor0, tab2 AS cor1
----
27 values hashing to 1c9d0bf96cd3361942fadad668138b9c

skipif postgresql # PostgreSQL requires AS when renaming output columns
query I rowsort
SELECT DISTINCT 75 col0 FROM tab1, tab0, tab2 AS cor0
----
75

query I rowsort
SELECT DISTINCT - 74 + col1 AS col2 FROM tab0 AS cor0
----
12
17
23

query I rowsort
SELECT 28 * col0 AS col0 FROM tab2
----
196
2184
2212

query I rowsort
SELECT ( 6 * col2 ) FROM tab1
----
324
342
576

onlyif mysql # use DIV operator for integer division
query I rowsort label-148
SELECT DISTINCT col0 DIV + ( + col2 * ( col1 ) ) FROM tab0
----
0

skipif mysql # not compatible
query I rowsort label-148
SELECT DISTINCT col0 / + ( + col2 * ( col1 ) ) FROM tab0
----
0

query I rowsort
SELECT ( ( - col2 ) ) * - col2 AS col1 FROM tab2 AS cor0
----
1444
676
729

skipif postgresql # PostgreSQL requires AS when renaming output columns
query I rowsort
SELECT - + 5 col2 FROM tab1 AS cor0
----
-5
-5
-5

query I rowsort
SELECT + 33 + - cor0.col2 * + col0 AS col1 FROM tab2 AS cor0
----
-156
-1995
-2969

query I rowsort
SELECT 10 * + col0 AS col2 FROM tab2 AS cor0
----
70
780
790

query I rowsort
SELECT ( col0 + col0 ) FROM tab2
----
14
156
158

query I rowsort
SELECT - col2 + col0 * + col1 FROM tab2 AS cor0
----
1305
190
4576

query I rowsort
SELECT + 82 * + col2 AS col1 FROM tab2 AS cor0
----
2132
2214
3116

query I rowsort
SELECT + - 68 * + col1 AS col2 FROM tab0 cor0
----
-5848
-6188
-6596

query I rowsort
SELECT col1 * - cor0.col2 AS col1 FROM tab0 cor0
----
-2838
-7462
-97

skipif postgresql # PostgreSQL requires AS when renaming output columns
query I rowsort
SELECT - - cor0.col0 + col1 col2 FROM tab1 AS cor0
----
29
74
93

query I rowsort
SELECT ALL + 37 + col0 * ( col2 ) FROM tab2 AS cor0
----
2065
226
3039

query I rowsort
SELECT + - 38 * col1 + - 58 FROM tab2 AS cor0
----
-1236
-2300
-704

query I rowsort
SELECT DISTINCT cor0.col1 * - 6 AS col2 FROM tab1 AS cor0
----
-156
-60
-78

query I rowsort
SELECT DISTINCT col1 + col2 * col2 + - col1 FROM tab2 AS cor0
----
1444
676
729

skipif postgresql # PostgreSQL requires AS when renaming output columns
query I rowsort
SELECT col1 * + col2 + + cor0.col0 col2 FROM tab1 AS cor0
----
1328
1407
634

skipif mysql # not compatible
query I rowsort
SELECT - tab2.col0 * + CAST ( col1 AS REAL ) * tab2.col1 FROM tab2
----
-22831
-271518
-6727

query I rowsort
SELECT - - cor0.col1 * 81 + 57 AS col0 FROM tab0 AS cor0
----
7023
7428
7914

query I rowsort
SELECT - + ( 34 ) AS col0 FROM tab1 AS cor0
----
-34
-34
-34

query I rowsort
SELECT + 9 * col2 FROM tab2 AS cor0
----
234
243
342

query I rowsort
SELECT - 94 + col0 * col0 + + col1 AS col0 FROM tab2 AS cor0
----
-14
6049
6164

query I rowsort
SELECT col0 * + 61 AS col2 FROM tab2
----
427
4758
4819

query I rowsort
SELECT ALL cor0.col2 - 21 FROM tab0 AS cor0
----
-20
12
61

query I rowsort
SELECT DISTINCT - ( ( col2 ) ) * col0 + + col1 FROM tab1 AS cor0
----
-136
-3638
-7667

query I rowsort
SELECT ALL 2 FROM tab1, tab0 AS cor0
----
9 values hashing to 84dbfaf9bc17dd097f15bc36b4186261

onlyif mysql # support for MySQL specific system types and syntax
query I rowsort label-173
SELECT ( 71 ) * - col2 + CAST( NULL AS SIGNED ) AS col1 FROM tab2 AS cor0
----
NULL
NULL
NULL

skipif mysql # not compatible
query I rowsort label-173
SELECT ( 71 ) * - col2 + CAST ( NULL AS INTEGER ) AS col1 FROM tab2 AS cor0
----
NULL
NULL
NULL

query I rowsort
SELECT ALL ( - col0 ) * col1 FROM tab1 cor0
----
-1040
-640
-78

query I rowsort
SELECT - 79 - + 38 AS col0 FROM tab2, tab0 cor0
----
9 values hashing to 52dac45f33d6404e37f10f4a0ca24a50

query I rowsort
SELECT - tab1.col2 * + 30 AS col2 FROM tab1
----
-1620
-1710
-2880

query I rowsort
SELECT - cor0.col2 * col1 * - col1 FROM tab1 AS cor0
----
16224
36504
5700

query I rowsort
SELECT ALL 75 AS col0 FROM tab1, tab1 AS cor0
----
9 values hashing to 22042bfd4d787415457a42bb93d48eea

query I rowsort
SELECT DISTINCT - ( col0 ) + - 21 AS col2 FROM tab0 AS cor0
----
-110
-45
-56

query I rowsort
SELECT DISTINCT + - 49 + - col0 AS col1 FROM tab1 AS cor0
----
-113
-129
-52

query I rowsort
SELECT ALL + ( col0 ) + 80 * + 91 AS col1 FROM tab2 cor0
----
7287
7358
7359

query I rowsort
SELECT ALL 31 * 70 + - col2 FROM tab1
----
2074
2113
2116

query I rowsort
SELECT ALL + 37 + col0 FROM tab2
----
115
116
44

onlyif mysql # use DIV operator for integer division
query I rowsort label-184
SELECT ALL - tab1.col0 + 50 DIV - col1 AS col2 FROM tab1
----
-4
-69
-83

skipif mysql # not compatible
query I rowsort label-184
SELECT ALL - tab1.col0 + 50 / - col1 AS col2 FROM tab1
----
-4
-69
-83

query I rowsort
SELECT col2 * + col1 - - tab2.col1 AS col0 FROM tab2
----
1593
663
868

onlyif mysql # use DIV operator for integer division
query I rowsort label-186
SELECT + col2 + - col0 DIV - col1 AS col0 FROM tab2
----
27
27
42

skipif mysql # not compatible
query I rowsort label-186
SELECT + col2 + - col0 / - col1 AS col0 FROM tab2
----
27
27
42

query I rowsort
SELECT DISTINCT + 10 + col0 * col2 AS col1 FROM tab0
----
45
7308
802

onlyif mysql # use DIV operator for integer division
query I rowsort label-188
SELECT ALL col1 + 62 DIV 10 AS col2 FROM tab0 AS cor0
----
103
92
97

skipif mysql # not compatible
query I rowsort label-188
SELECT ALL col1 + 62 / 10 AS col2 FROM tab0 AS cor0
----
103
92
97

query I rowsort
SELECT - + col0 + ( + col2 + - col1 ) FROM tab2 AS cor0
----
-11
-111
-58

query I rowsort
SELECT - col0 * + 97 AS col0 FROM tab2 AS cor0
----
-679
-7566
-7663

query I rowsort
SELECT - - col1 * + col1 - + ( - col0 ) AS col0 FROM tab0 AS cor0
----
7420
8370
9444

query I rowsort
SELECT DISTINCT col0 * col0 + + col1 AS col0 FROM tab0 cor0
----
1322
662
8012

query I rowsort
SELECT ALL - col1 * + col2 - col1 * col0 FROM tab0 AS cor0
----
-15561
-3492
-4902

onlyif mysql # support for MySQL specific system types and syntax
query I rowsort label-194
SELECT DISTINCT + - col2 * - CAST( NULL AS SIGNED ) - cor0.col2 FROM tab1 AS cor0
----
NULL

skipif mysql # not compatible
query I rowsort label-194
SELECT DISTINCT + - col2 * - CAST ( NULL AS INTEGER ) - cor0.col2 FROM tab1 AS cor0
----
NULL

query I rowsort
SELECT + - col1 * ( 38 ) + col0 FROM tab0 AS cor0
----
-3244
-3369
-3651

onlyif mysql # use DIV operator for integer division
query I rowsort label-196
SELECT ALL + col0 DIV + col1 AS col1 FROM tab0
----
0
0
0

skipif mysql # not compatible
query I rowsort label-196
SELECT ALL + col0 / + col1 AS col1 FROM tab0
----
0
0
0

query I rowsort
SELECT DISTINCT - 67 FROM tab1, tab0, tab2 cor0
----
-67

query I rowsort
SELECT DISTINCT col1 * tab0.col1 * - ( col0 * + col2 + + ( col0 ) ) FROM tab0
----
-6035136
-61171747
-658630

query I rowsort
SELECT col2 * col0 + 91 * + col1 - - 87 FROM tab0 AS cor0
----
15666
8705
8949

query I rowsort
SELECT + col0 + - ( col2 ) * + col1 AS col0 FROM tab0 AS cor0
----
-2814
-62
-7373

query I rowsort
SELECT - + col1 * - 97 - 96 * + col1 AS col2 FROM tab0 AS cor0
----
86
91
97

query IIIIIIIIIIII rowsort
SELECT ALL * FROM tab1 AS cor0 CROSS JOIN tab2, tab2 AS cor1, tab1 cor2
----
972 values hashing to 980274175fafec015a83080672486a9a

onlyif mysql # use DIV operator for integer division
query I rowsort label-203
SELECT - col0 + + col0 DIV - 83 + - col0 * ( - col0 + - cor0.col0 ) FROM tab1 AS cor0
----
12720
15
8128

skipif mysql # not compatible
query I rowsort label-203
SELECT - col0 + + col0 / - 83 + - col0 * ( - col0 + - cor0.col0 ) FROM tab1 AS cor0
----
12720
15
8128

query I rowsort
SELECT ALL + - 40 * - col0 AS col0 FROM tab2 AS cor0
----
280
3120
3160

query I rowsort
SELECT DISTINCT - col0 + col0 * - 83 AS col2 FROM tab2 AS cor0
----
-588
-6552
-6636

onlyif mysql # use DIV operator for integer division
query I rowsort label-206
SELECT DISTINCT - col1 DIV col2 FROM tab0 cor0
----
-1
-2
-97

skipif mysql # not compatible
query I rowsort label-206
SELECT DISTINCT - col1 / col2 FROM tab0 cor0
----
-1
-2
-97

skipif postgresql # PostgreSQL requires AS when renaming output columns
query I rowsort
SELECT ALL - ( col2 ) - - 0 * + cor0.col2 col1 FROM tab1 AS cor0
----
-54
-57
-96

query I rowsort
SELECT ALL - + cor0.col1 * - col2 AS col0 FROM tab0 AS cor0
----
2838
7462
97

query I rowsort
SELECT DISTINCT col1 * cor0.col1 * ( + col0 ) + - col1 * - 82 * 45 FROM tab0 AS cor0
----
1072799
494844
687245

query I rowsort
SELECT DISTINCT + 38 + col2 AS col1 FROM tab0 cor0
----
120
39
71

query I rowsort
SELECT - ( col0 ) * 75 AS col1 FROM tab2 AS cor0
----
-525
-5850
-5925

query I rowsort
SELECT ALL + ( col2 + tab2.col0 ) * col0 AS col2 FROM tab2
----
238
8112
9243

query I rowsort
SELECT 52 * col1 + - col1 * - 11 FROM tab0
----
5418
5733
6111

onlyif mysql # use DIV operator for integer division
query I rowsort label-214
SELECT - - col2 DIV col0 AS col0 FROM tab2 AS cor0
----
0
0
3

skipif mysql # not compatible
query I rowsort label-214
SELECT - - col2 / col0 AS col0 FROM tab2 AS cor0
----
0
0
3

query I rowsort
SELECT - - 19 * col2 AS col2 FROM tab0 cor0
----
1558
19
627

query I rowsort
SELECT 4 + 44 AS col1 FROM tab2, tab2 AS cor0
----
9 values hashing to 8b09cc2c99c2102036162d063e0e5a4b

query I rowsort
SELECT + - cor0.col0 + 47 AS col2 FROM tab2 AS cor0
----
-31
-32
40

onlyif mysql # use DIV operator for integer division
query I rowsort label-218
SELECT DISTINCT col2 DIV tab1.col0 + col0 * + col1 FROM tab1
----
1041
640
96

skipif mysql # not compatible
query I rowsort label-218
SELECT DISTINCT col2 / tab1.col0 + col0 * + col1 FROM tab1
----
1041
640
96

query I rowsort
SELECT - 82 * + 1 FROM tab2 AS cor0
----
-82
-82
-82

query I rowsort
SELECT - + ( col0 ) + + col2 AS col1 FROM tab1 cor0
----
-7
16
51
